metro_2006_07,metro_2007_08,metro_2008_09,metro_2009_10,metro_2010_11,metro_2011_12,metro_2012_13,metro_2013_14,metro_2014_15,metro_2015_16,metro_2016_17,metro_2017_18,metro_arts_abc_1988_89,metro_arts_abc_1989_90,metro_arts_abc_1990_91,metro_arts_abc_1991_92,metro_arts_abc_1992_93,metro_arts_abc_1993_94,metro_arts_abc_1994_95,metro_arts_abc_1995_96,metro_arts_abc_1996_97,metro_arts_abc_1997_98,metro_arts_abc_1998_99,metro_arts_abc_1999_00,metro_arts_abc_2000_01,metro_arts_abc_2001_02,metro_arts_abc_2002_03,metro_arts_abc_2003_04,metro_arts_abc_2004_05,metro_arts_abc_2005_06,organization,thrive_2014_15,thrive_2015_16,thrive_2016_17,thrive_2017_18,totals
0,0,0,0,0,0,0,2650,0,7627,8115,9000,0,0,0,0,0,0,0,0,0,0,0,0,0,0,0,0,0,0,abrasiveMedia,0,0,0,0,27392
1948,1576,2397,2800,2500,2300,0,0,0,0,0,0,0,0,0,0,0,0,0,2500,2500,2250,4500,5000,2850,5000,4500,2000,7500,3625,ACT I Theatre,0,0,0,0,55746
0,0,0,0,0,0,0,0,0,0,0,0,4000,6000,0,0,0,0,0,0,0,0,0,0,0,0,0,0,0,0,Acting Studio,0,0,0,0,10000
9430,14610,39287,15800,42900,18260,27500,13750,33459,15210,22800,25000,0,0,0,0,0,0,0,0,0,0,3000,5000,5245,17500,15110,21200,54000,24413,Actor's Bridge Ensemble Theatre of Nashville,0,0,0,0,423474
0,0,0,0,0,0,0,0,0,0,0,0,0,0,0,1000,5000,0,0,0,0,0,0,0,0,0,0,0,0,0,Actor's Playhouse,0,0,0,0,6000
0,0,0,0,0,0,0,0,3500,3125,0,0,0,0,0,0,0,0,0,0,0,0,0,0,0,0,0,1500,0,0,Adventure Science Center,0,0,0,0,8125
0,0,0,0,0,0,0,0,0,0,0,0,0,0,0,0,0,0,0,0,0,0,0,0,0,0,0,0,0,0,Africa isâ€¦,0,0,0,3000,3000
0,3369,0,0,0,0,0,0,0,0,0,0,0,0,0,0,3000,2500,2500,0,0,0,0,0,0,0,0,0,0,1000,African American Cultural Alliance,0,0,0,0,12369
0,0,0,0,0,0,0,0,0,0,0,0,0,0,0,0,0,0,0,0,0,0,0,0,0,0,0,0,0,0,Afrofuturism Dance,0,0,0,4000,4000
980,1198,917,11800,3200,7500,6800,11300,7612,8767,12085,10150,0,0,0,0,0,0,0,0,0,0,0,0,0,0,0,0,0,1985,ALIAS Chamber Ensemble,0,0,0,0,84294
0,0,0,0,0,0,0,0,0,0,0,0,0,0,0,0,0,0,0,0,0,0,0,0,0,0,0,0,0,0,American Artisan Festival,0,0,2350,0,2350
0,0,0,0,0,0,5270,3600,3150,0,0,0,0,0,0,0,0,0,0,12500,0,0,0,0,0,0,0,0,0,0,American Negro Playwright Theatre,0,0,0,0,24520
3935,6895,8384,0,0,0,0,0,0,0,0,0,0,0,0,0,0,0,0,0,0,0,0,0,0,0,0,0,0,9300,American Roots Music Education,0,0,0,0,28514
0,0,0,0,0,0,0,0,0,0,0,0,0,0,0,0,0,0,0,10000,8000,6260,0,0,0,0,0,3500,0,0,Andrew Jackson's Hermitage,0,0,0,0,27760
0,0,0,0,0,0,0,0,0,0,0,0,0,0,0,0,0,0,0,0,0,0,0,0,0,0,0,0,0,0,Art and Nature Adventures,0,0,2700,0,2700
0,0,0,0,0,0,0,0,0,0,0,0,0,0,0,0,0,0,0,0,0,0,0,0,0,0,0,0,0,0,Arte de Libertad/Freedom Arts,4000,0,0,0,4000
0,5622,6610,5800,18000,0,0,0,0,0,0,0,0,0,0,0,0,0,0,0,0,0,0,0,0,0,0,0,0,0,Arts and Business Council of Greater Nashville,0,0,0,0,36032
0,0,0,0,0,0,0,0,0,0,0,0,0,5000,3000,2000,4700,0,5750,7500,7000,5535,3910,6775,4920,10125,8260,2000,0,0,Arts in the Airport,0,0,0,0,76475
0,0,0,0,0,0,0,0,0,0,0,0,0,0,0,0,0,0,0,0,0,0,5000,4000,3800,0,0,0,0,0,ArtSynergy,0,0,0,0,12800
0,0,0,0,0,3400,17400,37000,0,0,0,0,0,0,0,0,0,0,0,0,0,0,0,0,0,0,0,0,0,0,Asian American Performing Arts Society (DBA Dance Theatre of Tennessee),0,0,0,0,57800
0,0,0,0,0,0,0,0,0,0,0,0,0,2000,0,0,0,0,0,0,0,0,0,0,0,0,0,0,0,0,Athena Fund,0,0,0,0,2000
0,0,0,0,0,0,0,0,0,0,0,0,0,0,0,0,0,0,0,0,0,0,0,0,1000,0,0,0,0,0,AthensSouth Theatre,0,0,0,0,1000
0,0,0,0,0,0,0,0,0,0,0,0,0,0,0,0,0,0,0,0,0,0,0,0,0,0,0,0,0,0,Beautiful Brown Faces,0,0,4000,0,4000
32288,39752,69127,77500,78000,92000,88320,133500,130750,134180,153060,154500,0,0,0,0,0,0,0,0,0,0,0,0,3800,17500,13263,0,15200,38440,Belcourt Theatre,0,0,0,0,1271180
0,0,0,0,2000,0,0,0,0,0,0,0,0,0,0,0,0,0,0,0,0,0,0,0,0,0,0,0,0,0,Belle Meade Plantation,0,0,0,0,2000
0,0,0,0,0,0,0,0,0,0,0,0,0,0,0,0,0,0,0,0,0,0,0,0,0,0,0,0,0,0,"Bellevue Edible Learning Lab, Inc.",3745,0,0,0,3745
0,0,0,1900,3000,3000,0,0,0,0,0,0,0,0,0,0,0,0,0,0,0,0,0,0,0,0,0,0,0,0,Bellevue Exchange Club,0,0,0,0,7900
0,0,0,0,0,0,0,0,0,0,0,0,0,0,0,1800,4000,7500,5000,7000,2350,0,0,0,0,3750,0,0,0,0,Bethlehlem Center,0,0,0,0,31400
0,0,0,0,0,0,0,0,0,0,0,0,0,0,0,0,0,0,0,0,0,0,0,0,0,0,0,0,0,0,Blackbird,0,0,0,4000,4000
0,0,0,0,0,0,0,5650,6336,3925,0,0,0,0,0,0,0,0,0,0,0,0,0,0,0,0,0,0,0,0,Blackbird Theatre,0,0,0,0,15911
0,0,0,0,0,0,0,0,0,0,0,0,0,1000,0,0,0,0,0,0,2500,0,0,0,0,0,0,0,0,0,Blair School of Music,0,0,0,0,3500
0,0,0,0,0,0,0,0,3600,3175,3750,5500,0,0,0,0,0,0,0,0,0,0,0,0,0,0,0,0,0,0,Boys & Girls Club of Middle Tennessee (fiscal sponsor for Notes for Notes),0,0,0,0,16025
0,0,0,0,0,0,0,0,0,0,0,0,0,0,0,0,0,0,0,0,0,0,0,0,0,0,0,0,0,0,Bridging Two Rivers,0,8000,0,0,8000
0,0,0,0,0,0,0,0,0,0,0,0,0,0,0,0,0,0,0,0,0,0,0,0,0,0,0,8000,0,0,BroadAxe Theatre Inc.,0,0,0,0,8000
0,0,0,0,0,0,0,0,0,0,0,0,0,0,0,0,0,0,0,0,0,0,0,0,0,0,0,0,0,0,C.A.L.L. Project,4000,0,0,0,4000
0,0,0,0,0,0,0,0,0,0,0,0,0,0,0,0,0,0,0,0,0,0,0,0,0,0,0,0,0,0,C.O.L.O.R. Project,0,0,4000,0,4000
0,0,0,0,0,0,0,0,0,0,0,0,0,1500,2500,0,0,0,0,0,0,0,0,0,0,0,0,0,0,0,CAAC Dance,0,0,0,0,4000
0,0,0,0,0,3500,4550,5000,5187,4500,0,0,0,0,0,0,0,0,0,0,0,0,0,0,0,0,0,0,0,0,Center for Refugees & Immigrants in Tennessee,0,0,0,0,22737
0,0,0,0,0,0,0,0,0,0,0,0,0,0,0,0,0,0,0,0,0,0,0,0,0,0,0,0,0,3500,Centerstone,0,0,0,0,3500
195786,159632,136871,120000,114000,84000,80640,131000,127500,118183,134555,145500,11000,5000,4000,4000,35000,50000,40000,80000,83500,90000,139700,110000,110000,177250,206900,223000,208750,204340,Cheekwood,0,0,0,0,3330107
0,0,0,0,0,0,0,0,0,0,0,0,3750,3000,5000,0,0,0,0,0,0,0,0,0,0,0,0,0,0,0,Children's Arts & Ideas,0,0,0,0,11750
2757,3954,4645,5700,4900,5500,4225,7750,6910,6165,6525,7050,0,0,0,0,0,0,0,0,0,0,0,0,0,0,0,4800,9500,7448,Chinese Arts Alliance of Nashville,0,0,0,0,87829
0,0,0,,0,0,0,0,5435,8200,6060,20000,0,0,0,0,0,0,0,0,0,0,0,0,0,0,0,0,0,0,Choral Arts Link,0,0,0,0,39695
0,3540,2256,6500,13600,10500,9000,8900,10021,8750,9815,15500,5000,3000,1000,500,5000,16000,10600,14387,11500,11000,6976,8500,7500,10415,0,0,0,0,Circle Players,0,0,0,0,209760
0,0,0,0,0,0,0,0,0,0,0,0,0,0,0,0,0,0,0,0,0,0,0,0,0,0,0,0,0,0,Civil Rap Movement,4000,0,0,0,4000
0,0,0,0,0,0,0,0,0,0,0,0,0,0,0,0,0,0,0,0,0,0,0,0,0,0,0,0,0,0,Cleveland Park Community Mural,4000,0,0,0,4000
0,0,0,0,0,0,0,0,0,0,0,0,0,0,0,0,0,0,0,0,0,0,0,0,0,0,0,0,0,0,Cleveland Park Neighborhood Story Project,0,4000,0,0,4000
0,0,0,0,0,0,0,0,0,0,0,0,0,0,0,0,0,0,0,0,0,0,0,0,0,0,1500,0,0,0,Community Concerts Inc.,0,0,0,0,1500
0,0,0,0,0,0,0,0,0,0,0,0,0,0,0,0,0,0,0,1000,2500,2500,0,0,0,0,0,0,0,0,Community Resource Center,0,0,0,0,6000
0,0,0,0,0,0,0,0,0,0,0,0,0,0,0,0,0,0,0,0,0,0,0,0,0,0,2500,2000,0,0,Concert Chorale,0,0,0,0,4500
0,0,0,0,0,5000,4100,5000,4200,0,4550,5500,0,0,0,0,0,0,0,0,0,0,0,0,0,0,0,0,0,0,Conexion Americas,0,0,0,0,28350
186947,223687,193129,141000,135000,125500,120480,131000,127500,129000,148625,116700,20000,5000,4000,0,35000,40000,55000,65000,65000,65000,40000,50000,42000,54000,70240,125000,42807,195012,Country Music Foundation (DBA Country Music Hall of Fame and Museum),0,0,0,0,2751627
625,4807,2444,0,0,0,0,0,0,0,0,0,0,0,0,0,0,0,0,0,0,0,0,0,2300,3400,3250,5100,3000,10279,Creative Artists of Tennessee (CATS),0,0,0,0,35205
0,0,0,0,0,0,0,0,0,0,0,0,0,0,0,0,0,0,0,0,0,0,0,0,0,0,0,0,0,0,Cultural Arts Enrichment Program,0,0,0,3640,3640
0,0,0,0,0,0,0,0,0,0,0,0,0,0,0,0,0,0,0,0,0,0,0,0,0,0,0,0,0,0,Cumberland Garden Communitiy Mural,0,4000,0,0,4000
0,0,0,0,0,0,0,0,0,0,0,0,0,0,0,0,0,0,0,0,0,0,0,0,0,0,0,0,0,0,Cumberland View Community Mural,4000,0,0,0,4000
0,0,0,0,0,0,0,0,0,0,0,0,10325,4000,3000,2000,2000,6000,0,0,0,0,0,0,0,0,0,0,0,0,Cumberland Science Museum,0,0,0,0,27325
0,0,0,0,0,0,0,0,0,0,0,0,0,0,0,0,0,0,0,0,0,0,0,0,0,0,0,0,0,0,Curating a Public Self,0,4000,0,0,4000
0,0,0,0,0,0,0,0,0,0,0,6000,0,0,0,0,0,0,0,0,0,0,0,0,0,0,0,0,0,0,Dancing Through the Curriculum,0,0,0,0,6000
0,0,0,0,0,0,0,0,0,0,0,0,0,0,0,0,1500,0,0,0,0,0,0,0,0,0,0,0,0,0,Davidson County 4-H,0,0,0,0,1500
0,0,0,0,0,0,0,2080,0,0,0,0,0,0,0,0,0,0,0,0,0,0,0,0,0,0,0,0,0,0,Destellos,0,0,0,0,2080
0,0,0,1500,0,1400,0,0,0,0,0,0,0,0,0,0,0,0,0,0,0,0,0,0,0,0,0,0,0,0,Discover Madison,0,0,0,0,2900
0,0,0,0,0,0,0,0,0,0,0,0,0,0,0,0,0,0,0,0,0,0,0,0,0,0,0,0,0,0,"Dr. George W. Carver's Theatre of Arts, Life, and Longevity",3500,0,0,0,3500
0,0,0,0,0,0,0,0,0,0,0,0,0,0,0,0,0,0,0,0,0,0,0,0,0,0,0,0,0,0,Drum and a Dream,4000,0,0,0,4000
0,0,0,0,0,0,0,0,0,0,0,0,0,0,0,0,0,0,0,0,0,0,0,0,0,0,0,0,0,0,Drumnastics,0,0,0,4000,4000
0,0,0,0,0,0,0,0,0,0,0,0,0,0,0,0,0,0,0,0,0,0,0,0,0,0,0,0,0,0,EarthTone,2500,0,0,0,2500
0,0,0,0,0,0,0,0,0,0,0,0,0,0,0,0,0,0,0,0,0,0,0,0,0,0,0,0,24000,0,East Nashville Center For Creative Arts,0,0,0,0,24000
0,0,0,0,0,0,0,0,1980,2512,4250,0,0,0,0,0,0,0,0,0,0,0,0,0,0,0,0,0,0,0,East Nashville Hope Exchange,0,0,0,0,8742
0,0,0,0,0,0,0,0,0,0,0,0,0,0,0,0,0,0,0,0,0,0,0,0,0,0,0,0,0,0,Eco Poetic Way,0,0,0,3000,3000
0,0,0,0,0,0,0,0,0,0,0,0,0,0,0,1800,8000,25000,25000,10000,7000,10260,11000,0,8000,3000,0,0,0,0,Edgehill Center,0,0,0,0,109060
0,0,0,0,0,0,0,0,0,0,0,0,0,1000,0,960,0,0,0,0,0,0,0,0,0,0,0,0,0,0,Edgehill United Methodist Church,0,0,0,0,1960
0,0,0,0,0,0,0,0,0,0,0,0,0,0,0,0,0,0,0,0,0,0,0,0,0,0,0,0,0,0,Educating Our Youth,2000,0,0,0,2000
0,0,0,0,0,0,0,0,0,0,0,0,0,0,1000,0,0,0,0,0,0,0,0,0,0,0,0,0,0,0,End of Rodney Productions,0,0,0,0,1000
0,0,0,0,0,0,0,0,0,0,0,0,0,0,0,0,0,0,0,0,0,2000,0,0,0,0,0,0,0,0,Epiphany,0,0,0,0,2000
0,0,0,0,0,0,0,0,0,0,0,0,0,0,0,0,0,0,0,0,0,0,0,0,0,0,0,0,0,0,Facing Nashville,0,4000,0,0,4000
0,0,0,0,0,0,0,0,0,0,0,0,0,0,0,0,0,0,0,0,0,0,0,0,0,0,0,0,0,0,Faith and Culture Center,0,0,3825,0,3825
0,0,0,0,0,0,0,0,0,0,0,0,0,4000,2000,0,0,0,2000,1000,2500,0,3500,3485,5000,5000,5262,6500,14800,0,Family & Children's Services,0,0,0,0,55047
0,0,0,0,0,0,0,0,0,0,0,0,0,0,0,0,0,0,0,0,0,0,0,0,0,0,0,0,0,2000,L.A.S. Therapy Network,0,0,0,0,2000
0,1000,0,5000,3500,4500,4000,3650,3300,0,3900,0,0,0,0,0,0,0,1000,0,0,0,0,0,0,0,0,0,1000,16026,FiftyForward,0,0,0,0,46876
0,0,0,0,0,0,0,0,0,0,0,0,0,0,0,0,0,0,0,0,0,0,0,0,0,0,2500,0,0,0,"Fisk University, Department of Music",0,0,0,0,2500
0,0,0,0,0,0,0,0,0,0,0,0,2500,2000,1680,0,0,0,0,0,0,0,0,0,0,0,0,0,0,0,"Fisk University, T.O.P.S.",0,0,0,0,6180
0,0,0,0,0,0,0,0,0,0,0,0,3000,8000,8000,7000,4900,7500,10000,7500,15000,0,14200,0,0,0,0,0,0,0,"Fisk University, Van Vechten Gallery",0,0,0,0,85100
0,0,0,3900,1800,0,0,0,0,0,0,0,0,0,0,0,0,0,0,0,0,0,0,0,0,0,0,0,0,0,Flatrock Heritage Foundation,0,0,0,0,5700
0,0,0,0,0,0,0,0,0,0,0,0,0,0,0,0,0,0,0,0,0,0,0,0,0,0,0,0,0,1500,Friends of Centennial Park & Parthenon,0,0,0,0,1500
0,0,0,0,0,0,0,0,0,0,0,0,0,0,0,0,0,0,0,1000,0,0,0,0,0,0,0,0,0,0,Friends of Warner Parks,0,0,0,0,1000
284342,263832,228101,180000,174000,156500,150240,129000,125500,130500,152475,158000,0,0,0,0,0,0,0,0,0,0,0,0,0,0,8000,165000,228478,297025,Frist Center for the Visual Arts,0,0,0,0,2830993
0,0,0,0,0,0,0,0,0,0,0,0,0,0,0,0,0,0,0,0,0,0,0,0,0,0,0,0,0,0,From Nashville to the World,0,0,0,8000,8000
0,0,0,0,0,0,0,0,0,0,0,0,0,0,0,0,0,0,0,0,0,5000,0,0,0,0,0,0,0,0,Girl Scout Council,0,0,0,0,5000
0,0,0,0,0,0,0,0,0,0,0,0,0,0,0,0,0,0,0,0,0,0,0,0,0,0,0,0,0,0,Girls Write Nashville,0,0,2850,0,2850
26589,16050,24591,20000,15500,26500,24000,27000,29491,30195,45455,56500,0,0,0,0,0,0,0,0,0,0,0,0,19945,34000,30873,31000,41000,24413,Global Education Center,0,0,0,0,523102
0,0,0,0,0,0,0,0,0,0,0,0,0,0,0,0,0,0,0,0,0,0,0,0,0,0,0,0,0,0,Global Nashville: Building Bridges of Compassion,0,0,0,4000,4000
0,0,0,0,0,0,0,0,0,0,0,0,0,0,0,0,0,0,0,0,0,0,0,0,0,0,0,0,20000,0,Gordon Jewish Community Center,0,0,0,0,20000
2982,5498,6388,4400,6400,5800,4250,3400,3531,2870,4340,0,0,0,0,0,0,0,0,0,0,0,0,0,0,0,0,0,0,0,Grand Master Fiddler Championship,0,0,0,0,49859
0,0,0,0,0,0,0,0,0,0,0,0,0,10000,8400,8000,30000,30000,0,7000,0,0,0,0,0,0,0,0,0,0,Greater Nashville Arts Foundation,0,0,0,0,93400
1159,0,0,0,0,0,0,0,0,0,0,0,0,0,0,0,0,0,0,0,0,0,0,0,0,0,0,0,0,0,Green Room Project,0,0,0,0,1159
0,0,0,0,0,0,0,0,0,0,0,0,0,0,0,0,0,0,0,0,0,0,0,0,0,0,0,0,0,0,Hands on with Zig,0,0,4000,0,4000
0,0,0,1000,0,0,0,0,0,0,0,0,0,0,0,0,0,0,0,0,0,0,0,0,0,0,0,0,0,0,Handweavers Guild,0,0,0,0,1000
0,0,0,0,0,0,0,0,0,0,0,0,0,0,0,0,0,0,0,0,0,0,0,0,0,0,0,0,0,0,Happy Healthy Creative Whole Me,4000,0,0,0,4000
0,0,0,0,0,0,0,0,0,0,0,0,0,0,0,0,0,0,0,0,0,0,0,0,0,0,0,0,0,0,Harriet Beecher Stowe: A Literary Soldier,0,0,3000,0,3000
0,0,0,0,0,0,0,9400,10237,9120,12285,16000,0,0,0,0,0,0,0,0,0,0,0,0,0,0,0,0,0,0,Healing Arts Project Inc. (HAPI),0,0,0,0,57042
0,0,0,0,0,0,0,0,0,0,0,0,0,0,0,0,0,0,0,0,0,0,0,0,0,0,0,0,0,0,Henna Art and Bollywood Junction,0,4000,0,0,4000
0,0,0,0,0,0,0,0,0,0,0,0,0,0,0,0,0,0,0,0,0,0,0,0,0,0,0,0,0,0,Hijab Ballet Showcase,0,0,0,4000,4000
0,2444,0,0,0,0,0,0,0,0,0,0,0,0,0,0,0,0,0,0,0,0,0,0,0,0,0,0,0,0,Historic Germantown,0,0,0,0,2444
0,0,0,0,0,0,0,0,0,0,0,0,0,1500,0,0,0,0,0,0,0,0,0,0,0,0,0,0,0,0,Historic Nashville,0,0,0,0,1500
0,0,0,0,0,0,0,0,0,0,0,0,0,0,0,0,0,0,0,0,0,0,0,0,0,0,0,0,0,0,History Alive!,0,0,4000,0,4000
0,26539,31971,35600,21500,0,0,30000,30000,30000,0,94500,0,10000,3000,2000,10000,18000,15000,20000,25000,25000,18750,15000,14945,25000,22546,20000,0,16822,Humanities Tennessee (formerly Tennessee Humanities Council),0,0,3000,0,564173
0,0,0,0,0,0,0,0,0,0,0,0,0,0,0,0,0,0,0,0,0,0,0,0,0,0,0,0,1000,2371,Ideaprov,0,0,0,0,3371
0,0,0,0,0,0,0,0,0,0,0,0,0,0,0,0,0,0,0,0,0,0,0,0,0,0,0,0,0,0,Impressions Temporary Mural Project,0,0,0,8000,8000
0,0,0,0,0,0,0,0,0,0,0,0,0,0,0,0,0,0,0,0,0,0,0,0,0,0,0,0,0,0,Indian Painting with Sabita,0,0,4000,0,4000
0,0,0,0,0,0,0,0,0,0,0,0,0,0,0,0,0,0,0,0,0,0,0,0,0,0,0,0,0,0,Insight Salons,4000,0,0,0,4000
0,0,0,0,0,0,0,0,0,0,0,0,0,0,0,0,0,0,0,0,0,0,0,0,0,0,0,0,0,0,International Folk Dancing,0,0,0,4000,4000
0,0,0,0,0,0,0,0,0,0,0,9200,0,0,0,0,0,0,0,0,0,0,0,0,0,0,0,0,0,0,Intersection,2500,0,0,0,11700
0,0,0,0,0,0,0,0,0,0,0,0,0,0,0,0,0,0,0,0,0,0,0,0,0,0,0,0,0,0,JAI 2 HYPE - Just and Idea Arts Academy,0,0,4000,0,4000
0,0,0,0,0,0,0,0,0,0,0,0,0,0,0,0,0,0,0,0,0,0,0,0,0,0,0,0,0,0,Jefferson Street Art Crawl,0,0,4000,0,4000
0,3259,3476,4500,4000,0,0,0,0,0,0,0,0,0,0,0,0,0,0,0,0,0,0,0,0,0,0,0,0,0,Jefferson Street United Merchants Partnership (JUMP),0,0,0,0,15235
0,0,0,0,0,0,0,0,0,0,0,0,1000,0,0,0,0,0,0,0,0,0,0,0,0,0,0,0,0,0,John Work Memorial Foundation,0,0,0,0,1000
0,0,0,0,0,0,0,0,0,0,0,0,0,0,0,0,0,0,0,0,0,0,0,0,0,0,0,0,3000,0,Kids on the Block,0,0,0,0,3000
2042,1263,2586,5700,2500,2700,2850,2750,0,0,0,0,0,0,0,1000,2400,0,5184,2000,2000,3000,3500,4000,1500,5000,3250,2000,7500,3463,Lakewood Theatre Company,0,0,0,0,68188
0,0,0,0,0,0,0,0,0,0,0,0,0,0,0,0,0,0,0,17500,10000,7000,0,0,0,0,0,0,0,0,Leonard Bernstein Center,0,0,0,0,34500
0,0,0,0,0,0,0,0,0,0,0,0,0,0,0,0,0,0,0,0,0,0,0,0,0,0,0,0,0,0,Lionheart Wellness Class and Dance-a-thon,3500,0,0,0,3500
0,0,0,0,0,0,0,0,0,0,0,0,0,0,0,0,0,0,0,0,0,3000,0,0,0,0,0,1000,0,0,Lipscomb University,0,0,0,0,4000
0,0,0,0,0,0,0,0,0,0,0,0,0,0,0,0,0,0,0,0,0,0,0,0,0,0,0,0,3000,0,Live Music in America,0,0,0,0,3000
0,0,0,0,0,0,0,0,0,0,0,0,0,0,0,0,0,0,0,0,0,0,0,0,0,0,0,0,0,0,Living Photo: Celebrating 100 Years of Old Hickory,0,0,0,4000,4000
0,0,0,0,0,0,0,0,0,0,0,0,0,0,0,0,0,0,0,0,0,0,0,0,0,0,0,0,0,0,Local's Cut: Edgehill Village,4000,0,0,0,4000
0,0,0,11000,10600,0,0,0,0,0,0,0,0,0,0,0,0,0,0,0,0,0,0,0,0,0,0,0,0,0,Lost Boys Foundation,0,0,0,0,21600
0,0,0,0,0,0,0,0,0,0,0,0,0,0,0,0,0,0,0,0,0,0,0,0,0,0,0,0,0,0,Luthern Services in Tennessee,2500,0,0,0,2500
0,0,0,0,0,0,0,0,0,0,0,0,0,0,0,0,0,0,0,0,0,0,0,0,0,0,0,0,0,0,Madison Bluegrass Festival,1400,0,0,0,1400
0,0,0,0,0,0,0,0,0,0,0,0,0,0,0,0,0,0,0,0,0,0,0,0,0,0,0,0,0,0,Mapping McGruder,4000,0,0,0,4000
0,0,0,0,0,0,0,0,4000,2610,0,0,0,0,0,0,0,0,15000,0,0,0,0,0,0,0,0,0,0,0,Martha O'Bryan Center,0,0,0,0,21610
0,16667,0,0,0,0,0,0,0,0,0,0,0,0,0,0,0,0,0,0,0,0,0,0,0,0,0,0,0,0,Metro Education Access Corporation (MEAC),0,0,0,0,16667
0,0,0,0,3500,3300,4075,4400,0,4814,6065,0,0,0,0,0,0,0,0,0,0,0,0,0,0,0,0,0,0,0,Metro Nashville Chorus,0,0,0,0,26154
0,2668,3476,4500,4000,4200,4550,0,0,0,0,0,0,0,0,0,0,0,0,0,0,0,0,0,0,0,0,0,0,0,"Middle Tennessee Mental Health & Substance Abuse Coalition (program became indepent nonprofit Healing Arts Project, Inc.)",0,0,0,0,23394
0,0,0,0,0,0,0,0,0,0,0,0,0,0,0,0,0,0,0,0,0,0,16000,16124,15945,36505,40322,38000,0,0,Mockingbird Public Theatre,0,0,0,0,162896
0,0,0,0,0,3800,0,0,0,0,0,0,0,0,0,0,0,0,0,0,0,0,0,0,0,0,0,0,0,0,Monroe Harding,0,0,0,0,3800
0,0,0,0,0,0,0,0,0,3827,12000,0,0,0,0,0,0,0,0,0,0,0,0,0,0,0,0,0,0,0,Moves & Grooves,0,0,0,0,15827
3712,2963,0,0,0,0,0,0,0,0,0,0,0,0,0,0,0,0,2525,4500,8000,6000,10600,16375,16845,19995,17426,14500,14300,6625,Music City Blues Society,0,0,0,0,144366
0,0,0,0,0,0,0,0,0,0,0,0,0,0,0,0,0,0,0,0,0,0,0,0,0,0,2500,2000,0,0,Music City Chorus,0,0,0,0,4500
0,0,0,0,0,0,3050,1800,0,4275,0,8850,0,0,0,0,0,0,0,0,0,0,0,0,0,0,0,0,0,0,Music City Youth Orchestra,0,0,0,0,17975
0,0,0,0,0,0,0,0,0,0,0,0,0,0,0,0,0,0,0,0,0,0,0,0,0,0,0,0,0,0,Music for L.I.F.E.,4000,0,0,0,4000
0,0,0,0,0,0,0,0,9795,13445,15580,26000,0,0,0,0,0,0,0,0,0,0,0,0,0,0,0,0,0,0,Music For Seniors,0,0,0,0,64820
0,0,0,0,0,0,0,0,0,0,0,0,0,0,0,0,0,0,0,0,0,0,0,0,0,0,0,0,0,0,Music Programming for the Homeless,0,0,0,3000,3000
0,0,0,0,0,0,0,0,0,0,0,0,0,0,0,0,0,0,0,0,0,0,0,0,0,0,0,0,0,0,Musical History of Joe Hill and the Early Labor Movement Davidson County Tour,0,0,3000,0,3000
0,0,0,0,0,0,0,0,0,0,0,0,0,0,0,0,0,0,0,0,0,0,0,0,0,0,0,0,0,0,My Favorite Song!,0,0,3500,0,3500
0,0,0,0,0,0,0,0,0,0,0,0,0,0,0,0,7700,2000,2500,3500,3500,2250,3000,2000,2850,0,2500,0,0,0,N-4ART,0,0,0,0,31800
0,0,0,0,0,0,0,0,0,0,0,0,0,0,0,0,0,0,0,0,0,0,0,0,0,0,0,0,0,0,Napier-Sudekum Community Identity,0,0,0,10200,10200
0,0,0,4000,5700,8440,8600,9600,0,0,0,0,0,0,0,0,0,0,0,0,0,0,0,0,0,0,0,0,0,0,Narrow Way Productions (NWP),0,0,0,0,36340
0,0,0,0,0,0,0,0,0,0,0,0,0,0,0,0,0,0,0,0,0,0,0,0,0,0,0,0,0,0,Nashville 5-Shot Shorts,0,0,4000,0,4000
0,0,0,0,0,0,0,0,0,0,0,0,0,1750,1000,0,0,0,0,0,0,0,0,0,0,0,0,0,0,0,Nashville Artists Guild,0,0,0,0,2750
81267,99366,71487,161000,135000,177500,151200,145500,127250,143000,147020,138000,25000,20000,20000,9000,26000,68000,80000,85000,88200,94500,121470,95785,85350,125150,132880,158500,118951,106925,Nashville Ballet,0,0,0,0,3038301
68850,120947,104939,121300,111000,94500,95350,90500,87450,96305,107270,166600,5300,10000,10000,8500,13000,27000,40000,59000,56746,59887,54000,63667,66008,82300,107840,84480,97300,74821,Nashville Children's Theatre,0,0,0,0,2184860
0,0,0,0,0,0,0,0,0,0,0,0,2500,0,0,0,0,0,0,0,0,0,0,0,0,0,0,0,0,0,Nashville Community Concerts,0,0,0,0,2500
0,0,20000,2000,10300,2490,5050,3250,2242,8000,13070,0,0,0,0,0,0,0,0,0,0,0,0,0,0,8822,2500,2000,7500,0,Nashville Cultural Arts Project,0,0,0,0,87224
0,0,0,0,0,0,0,0,0,0,0,0,0,0,0,0,0,0,0,0,0,0,0,0,4500,0,0,0,0,0,Sister Cities of Nashville,0,0,0,0,4500
47862,53009,68654,61200,47800,62000,71200,65000,68132,65000,73920,107500,0,1000,840,0,1100,2000,5500,14387,14300,29280,19840,25175,23795,31845,34110,28200,70233,50635,Nashville Film Festival (formerly Sinking Creek Festival),0,0,0,0,1143517
0,0,0,0,0,0,0,0,0,0,0,0,2000,0,0,0,0,0,0,0,0,0,0,0,0,0,0,0,0,0,Nashville Gospel Ministry,0,0,0,0,2000
0,0,0,4600,7000,8086,11550,0,8818,0,0,14850,0,0,0,0,0,0,0,0,0,0,0,0,0,0,0,0,0,0,Nashville in Harmony,0,0,0,0,54904
0,0,0,0,0,0,0,0,0,0,0,0,40000,25000,21000,10000,17000,60000,52500,60000,60000,70000,31200,69030,0,0,0,0,0,0,Nashville Institute for the Arts,0,0,0,0,515730
0,0,0,7000,4600,4600,6500,5500,0,4050,5435,0,0,0,0,0,0,0,0,0,0,0,0,0,1000,0,0,0,0,0,Nashville Jazz Orchestra,0,0,0,0,38685
17839,19511,34853,39600,36200,42000,42000,40000,45620,49925,64725,74000,0,0,0,0,0,0,0,0,0,0,0,0,0,0,10000,14600,29360,20984,Nashville Jazz Workshop,0,0,0,0,581217
0,0,0,0,0,0,0,0,0,0,0,0,0,0,0,0,0,0,0,0,0,0,0,0,0,0,0,0,0,0,Nashville Makes Zines,0,0,0,1000,1000
127852,188785,149033,151000,135000,124000,131540,126700,131950,110150,115700,117000,18000,10000,12000,8500,10000,30000,31000,34886,44000,54000,54500,87750,76000,127000,135800,144773,99278,154968,Nashville Opera Association,0,0,0,0,2741165
0,0,0,0,0,0,1575,850,0,1700,0,3100,0,0,0,0,0,0,0,0,0,0,0,0,0,0,0,0,0,0,Nashville Philharmonic Orchestra,0,0,0,0,7225
0,0,0,0,0,0,0,0,0,0,0,0,0,0,0,0,0,0,0,0,0,0,0,0,0,0,0,0,0,0,Nashville Please Don't Litter,0,4000,0,0,4000
0,0,0,0,0,0,0,0,0,0,0,0,0,0,2000,500,2000,0,0,0,0,0,0,0,0,0,0,0,0,0,Nashville Public Library Foundation,0,0,0,0,4500
0,3215,4240,0,0,0,0,0,0,0,0,0,0,0,0,0,0,0,0,0,0,0,0,0,0,0,0,0,0,2000,Nashville Public Radio,0,0,0,0,9455
0,20924,3476,24000,3500,3700,0,3800,0,3100,4750,5500,0,0,0,0,0,0,0,0,0,0,0,0,0,0,0,10000,25000,18638,Nashville Public Television,0,0,0,0,126388
0,0,0,0,0,0,0,0,0,0,94905,88250,0,0,0,0,0,0,0,0,0,0,0,0,0,0,0,0,0,0,Nashville Repertory Theatre (formerly Tennessee Repertory Theatre),0,0,0,0,183155
0,0,3412,0,0,0,0,0,0,0,0,0,0,0,0,0,0,0,0,0,0,0,0,0,0,0,0,0,0,0,Nashville Screenwriter's Conference,0,0,0,0,3412
24847,26824,55263,33300,34600,42300,42000,39000,0,55000,74965,75700,0,0,1500,1500,8000,12000,21300,26387,35500,38500,31061,27750,33882,40287,53720,31000,56594,30341,Nashville Shakespeare Festival,0,0,0,0,953121
0,0,0,0,0,0,0,1300,0,0,0,0,0,0,0,0,0,0,0,0,0,0,0,0,0,0,0,0,0,0,Nashville Singers,0,0,0,0,1300
0,0,0,0,1000,0,0,0,0,0,0,0,0,0,0,0,0,0,0,0,0,0,0,0,0,0,0,0,0,0,Nashville Swing Dance Foundation,0,0,0,0,1000
390691,398664,365182,156000,165000,162500,175150,139800,151750,126040,142405,156000,250000,165000,125000,110972,135000,200000,257500,275000,280000,290000,207000,300000,310000,400000,466900,500000,406088,408066,Nashville Symphony,0,0,0,0,7615708
0,0,0,0,0,0,0,0,0,0,0,0,0,0,0,0,0,0,0,0,0,0,0,0,0,0,0,0,0,0,Nashville Talking Chairs,0,0,0,8000,8000
0,0,0,0,0,0,0,0,0,0,0,0,0,0,0,0,0,0,0,0,0,0,0,0,0,9000,0,0,0,0,Nashville Theatre Works,0,0,0,0,9000
0,0,0,0,0,0,0,0,0,0,0,0,0,0,0,0,0,0,0,0,3800,3012,4000,4653,3000,3000,2122,1500,0,0,NashvilleREAD,0,0,0,0,25087
0,0,0,0,0,0,0,0,3450,4400,0,76200,0,0,0,0,0,0,0,0,0,0,0,0,0,0,0,0,0,0,National Museum of African American Music,0,0,0,0,84050
0,3690,3476,4000,9700,6000,6000,3500,0,3400,0,6000,0,0,0,0,0,0,0,0,0,5260,5500,6000,4500,9810,10408,15000,20450,17878,Native American Indian Association of Tennessee,0,0,0,0,140572
0,0,0,0,0,0,0,0,0,0,0,26600,0,0,0,0,0,0,0,0,0,0,0,0,0,0,0,0,0,0,New Dialect,2500,0,0,0,29100
0,0,0,0,0,0,8350,0,0,0,0,0,0,0,0,0,0,0,0,0,0,0,0,0,0,0,0,0,0,0,New Vision,0,0,0,0,8350
0,0,0,0,0,0,0,4000,0,0,0,0,0,0,0,0,0,0,0,0,0,0,0,0,0,0,0,0,0,0,"Next Door, Inc",0,0,0,0,4000
0,0,0,0,0,0,0,0,0,0,0,0,0,0,0,0,0,0,0,0,0,0,0,0,0,0,0,0,0,0,Norf Art Collective,0,4000,4000,0,8000
0,0,0,6100,0,0,0,6110,4250,3050,4250,0,0,0,0,0,0,0,0,0,7000,0,0,0,0,5000,0,0,0,0,Oasis Center,0,0,0,0,35760
0,0,0,0,0,0,0,0,0,0,0,0,0,0,0,0,0,0,0,0,0,0,0,0,0,0,0,0,0,0,Old Hickory Village Centennial Celebration Time Capsule,0,0,0,4000,4000
0,0,0,0,0,0,0,0,0,0,0,0,0,0,4200,2400,4000,0,0,0,0,0,0,0,0,0,0,0,0,0,Old Time Music & Dance,0,0,0,0,10600
33755,81853,64899,0,0,0,0,0,0,0,0,0,0,0,0,4500,8000,12000,15000,13266,20000,20800,30768,34750,37751,56884,74915,62000,41610,43018,Orchestra Nashville/Nashville Chamber Orchestra,0,0,0,0,655769
0,0,0,0,0,0,0,0,0,0,0,0,0,0,0,0,0,0,0,0,0,0,0,0,0,0,0,0,0,0,Outside the Box,0,0,4000,0,4000
0,0,0,0,0,0,0,0,0,0,10225,45000,0,0,0,0,0,0,0,0,0,0,0,0,0,0,0,0,0,0,OZ Arts Nashville,0,0,0,0,55225
0,0,0,0,0,0,0,0,0,2305,2845,0,0,0,0,0,0,0,0,0,0,0,0,0,0,0,0,0,0,0,PENCIL Foundation,0,0,0,0,5150
8458,9746,3576,12300,0,0,0,0,0,0,0,0,0,0,0,0,0,0,0,0,0,0,0,0,0,10000,29919,17100,23600,25010,Peoples Branch Theatre,0,0,0,0,139709
0,0,0,0,0,0,0,0,0,0,0,0,0,0,0,0,0,0,0,0,0,0,0,0,0,0,0,0,0,0,Pikesproject (#Pikesproject),0,0,4000,0,4000
0,0,0,0,0,0,0,0,0,0,0,0,0,2500,4000,0,0,0,3000,0,0,0,0,0,0,0,0,0,0,0,Planned Parenthood of Middle Tennessee,0,0,0,0,9500
0,4524,847,1000,0,0,0,0,0,0,0,0,0,0,0,0,0,0,0,0,0,0,0,0,0,0,0,0,0,0,Plowhaus,0,0,0,0,6371
0,0,0,0,0,0,0,0,0,0,0,14125,0,0,0,0,0,0,0,0,0,0,0,0,0,0,0,0,0,0,Porch Writers' Collective,0,0,3600,0,17725
0,0,0,0,0,0,0,0,0,0,0,8600,0,0,0,0,0,0,0,0,0,0,0,0,0,0,0,0,0,0,Poverty and the Arts,3100,0,0,0,11700
0,0,0,0,0,0,0,0,0,0,0,0,5900,1500,0,0,0,0,0,0,0,0,0,0,0,0,0,0,0,0,Pro Musica,0,0,0,0,7400
0,0,0,0,0,0,0,0,0,0,0,0,0,0,0,0,0,0,0,0,0,0,0,0,0,0,0,0,0,0,Project 24,0,0,0,4000,4000
0,4257,2630,5000,0,0,0,0,0,0,0,0,0,0,0,0,0,0,0,0,0,0,0,0,0,0,0,0,0,0,Project Return,0,0,0,0,11887
0,0,0,0,0,0,0,0,0,0,0,0,0,0,0,0,0,0,0,0,0,0,0,0,0,0,0,0,0,0,Queens Among Us,0,0,0,8000,8000
0,0,0,0,0,0,0,0,0,0,0,0,0,0,0,0,0,0,0,0,0,0,0,0,4500,0,0,0,0,0,Race Relations Institute,0,0,0,0,4500
0,0,0,0,0,0,0,0,0,0,0,0,0,0,0,0,0,0,0,0,0,0,0,0,0,2500,0,0,0,0,Rediscover East!,0,0,0,0,2500
0,0,0,0,4500,0,0,0,0,0,0,0,0,0,0,0,0,0,0,0,0,0,0,0,0,0,0,0,0,0,Rejoice School of Ballet,0,0,0,0,4500
0,0,0,0,0,0,0,0,0,0,0,0,0,0,0,0,0,0,0,0,0,0,0,0,0,0,0,0,0,3365,Ridley Temple Foundation,0,0,0,0,3365
0,0,0,0,0,0,0,0,0,0,0,6500,0,0,0,0,0,0,0,0,0,0,0,0,0,0,0,0,0,0,Rocketown of Middle Tennessee,0,0,0,0,6500
0,0,0,0,0,0,0,0,3800,0,0,0,0,0,0,0,0,0,0,0,0,0,0,0,0,0,0,0,0,0,Room in the Inn,0,0,0,0,3800
6764,5688,0,0,0,0,0,0,0,0,0,0,0,0,0,0,0,0,0,0,0,0,0,0,0,5125,5744,8500,6000,7333,Ruby Green Foundation,0,0,0,0,45154
0,0,0,3500,2200,0,0,0,4100,0,0,6500,0,0,0,0,0,0,0,0,0,0,0,0,0,0,0,0,0,0,Salama Urban Ministries,0,0,0,0,16300
0,0,0,0,0,0,0,0,0,0,0,0,0,0,0,0,0,0,1500,0,0,0,0,0,0,0,0,0,0,0,Salvation Army of Nashville,0,0,0,0,1500
0,0,0,0,0,0,0,0,0,0,0,0,0,0,0,0,0,0,0,0,0,0,0,0,0,0,0,0,0,0,Sankofa African Drum and Dance Company,0,0,4000,0,4000
0,0,0,0,0,0,0,0,0,0,0,0,0,0,0,0,0,0,0,0,0,0,0,0,0,0,0,0,0,0,Saturday in the Arts Day Camp,0,0,4000,0,4000
0,0,0,1500,5000,0,0,0,0,0,0,0,0,0,0,0,0,0,0,0,0,9988,12000,0,14201,25000,15756,12500,24750,0,Scarritt-Bennett Center,0,0,0,0,120695
9247,16739,34968,14000,30500,29700,31000,19000,25200,25200,30680,0,0,0,0,0,0,0,0,0,0,0,0,0,0,0,0,0,0,8918,Senior Center for the Arts,0,0,0,0,275152
0,0,0,0,4500,0,0,0,0,0,0,0,0,0,0,0,0,0,0,0,0,0,0,0,0,0,0,0,0,0,Sexual Assault Center,0,0,0,0,4500
0,0,0,0,0,0,0,0,0,0,0,0,0,0,0,0,0,0,0,0,0,0,0,0,0,0,0,0,0,0,Shelby Bottom String Band,3050,0,0,0,3050
0,0,0,0,0,0,0,0,0,0,0,0,0,500,1000,0,0,0,0,0,0,0,0,0,0,0,0,0,0,0,Social Movement Gallery,0,0,0,0,1500
0,0,0,0,9400,25000,23200,19000,27900,30175,53450,60350,0,0,0,0,0,0,0,0,0,0,0,0,0,0,0,0,0,0,Southern Word (formerly Youth Speaks Nashville),0,0,0,0,248475
0,0,0,0,0,0,0,2400,0,0,0,0,0,0,0,0,0,0,0,0,0,0,0,0,0,0,0,0,0,0,St. Luke's Community House,0,0,0,0,2400
0,0,0,0,0,0,0,0,0,0,0,0,0,0,0,0,0,0,0,0,0,0,0,0,0,10000,10677,0,0,0,StageWorks,0,0,0,0,20677
0,0,0,0,0,0,0,0,0,0,,0,0,0,0,0,0,0,0,0,0,0,0,0,0,0,0,0,0,0,Storytelling Project,0,4000,0,0,4000
0,0,0,0,0,0,0,0,0,0,,0,0,0,0,0,0,0,0,0,0,0,0,0,0,0,0,0,0,0,Street Style Project,0,0,4000,0,4000
0,1000,1011,6900,13100,16000,21025,20300,16188,16200,21070,16000,0,0,0,0,0,0,0,0,0,0,0,0,0,0,0,0,0,0,Street Theatre Company,0,0,0,0,148794
0,2510,0,0,0,0,0,0,0,0,0,0,0,0,0,0,0,0,0,0,0,0,0,0,0,0,0,5000,9265,2961,Sudan Acholi Community of Tennessee,0,0,0,0,19736
0,2468,5272,5700,0,0,0,0,0,0,0,0,0,0,0,0,0,0,0,0,0,0,0,0,0,0,0,0,0,0,Tango Nashville,0,0,0,0,13440
0,0,0,0,0,0,0,0,0,0,0,0,0,0,0,0,0,0,0,0,0,0,0,0,0,0,0,1125,0,0,Tennessee Association for the Preservation & Perpetuation of Storytelling (TAPPS),0,0,0,0,1125
0,0,0,0,0,0,0,0,0,0,0,0,0,0,0,0,0,0,0,0,0,0,5450,0,0,0,0,0,0,0,Temple Academy of Music,0,0,0,0,5450
8120,12328,9781,10000,12000,0,0,0,0,0,0,0,1000,250,1000,0,0,0,0,0,0,0,0,0,0,0,0,7000,2000,9527,Tennessee Art League,0,0,0,0,73006
14521,13658,0,0,0,0,0,0,0,0,0,0,0,0,0,0,0,0,0,0,0,0,0,0,0,0,0,0,0,13529,Tennessee Artists' Guild,0,0,0,0,41708
13091,29694,17465,38000,19700,19700,37400,29500,42780,43000,61775,70675,0,0,0,0,0,1000,1000,7000,8250,10500,6200,9869,6395,12807,14988,16011,13764,14567,Tennessee Association of Craft Artists (DBA Tennessee Craft),0,0,0,0,545131
0,0,0,0,0,0,0,0,0,0,0,0,0,1000,0,900,2500,0,0,0,0,0,0,0,0,0,0,0,0,0,Tennessee Chamber Chorale,0,0,0,0,4400
0,0,0,0,0,0,0,0,0,0,0,0,0,0,0,0,1800,0,0,0,0,0,0,0,0,0,0,0,0,0,Tennessee Committee for Prevention of Child Abuse,0,0,0,0,1800
0,0,0,0,0,0,0,0,0,0,0,0,0,0,0,0,0,1000,0,0,0,0,0,0,0,0,0,0,0,0,Tennessee Committee of National Musuem of Women in the Arts,0,0,0,0,1000
0,0,0,0,0,0,0,0,0,0,0,0,11500,10000,8000,5000,8829,18756,13200,25787,25300,40500,46300,26338,23751,0,0,0,0,0,Tennessee Dance Theatre,0,0,0,0,263261
0,0,0,0,0,0,0,0,0,0,0,0,0,0,0,0,0,0,0,0,0,0,25000,8000,0,0,0,0,0,0,Tennessee Fox Trot Carousel,0,0,0,0,33000
0,0,0,0,0,0,0,0,0,0,0,0,5000,0,0,0,0,0,0,0,0,0,0,0,0,0,0,0,0,0,Tennessee Grassroots Festival,0,0,0,0,5000
0,0,0,0,0,0,0,0,0,0,0,0,0,0,0,0,0,0,0,0,0,0,0,0,0,0,0,4000,0,0,Tennessee Jazz & Blues Society,0,0,0,0,4000
0,0,0,0,0,0,0,0,0,0,0,0,0,1500,6000,6000,6000,4000,10000,3500,0,0,0,0,0,0,0,0,0,0,Tennessee Opera,0,0,0,0,37000
187757,198802,158157,141000,135000,135000,137450,141000,136300,135565,150685,147750,0,5000,4200,2000,35000,20000,65000,120000,120000,125000,70000,129093,143000,193000,196600,278200,147500,199038,Tennessee Performing Arts Center,0,0,0,0,3657097
0,0,0,0,0,0,0,0,0,0,0,0,0,5000,0,0,0,0,0,0,0,0,0,0,0,0,0,0,0,0,"Tennessee Performing Arts Center, Rock Wedding",0,0,0,0,5000
62031,70664,60849,96000,91000,72000,69120,77000,59750,82400,0,0,26350,20000,22500,8500,35000,112000,170000,182000,182000,192000,252000,161798,167000,169200,179900,147772,34171,63655,Tennessee Repertory Theatre,0,0,0,0,2866660
0,0,0,0,0,0,0,0,0,0,0,0,0,0,0,0,0,0,0,0,0,0,3000,0,0,0,0,0,0,0,Tennessee Screenwriting Association,0,0,0,0,3000
0,0,0,0,0,0,0,0,0,0,0,0,0,0,0,0,0,0,5000,0,0,0,0,0,0,0,0,0,0,0,Tennessee State Museum,0,0,0,0,5000
4132,9670,6607,20300,12500,0,0,0,0,0,0,0,0,0,0,0,0,0,0,0,0,0,0,0,0,0,0,0,0,1500,Tennessee Theatre Company,0,0,0,0,54709
2657,1518,2449,8600,11200,20123,9700,11600,9982,15831,11475,10100,0,0,0,0,0,0,0,0,0,0,0,0,0,0,0,0,0,0,Tennessee Women's Theatre Project,0,0,0,0,115235
0,0,0,0,0,0,0,0,0,0,0,12600,0,0,0,0,0,0,0,0,0,0,0,0,0,0,0,0,0,0,Theater Bug,0,0,0,0,12600
0,0,0,0,0,0,0,0,0,0,0,0,0,0,0,0,0,0,0,0,0,0,0,0,0,0,0,0,0,0,Therapeutic and Creative Arts,3650,0,0,0,3650
0,2902,3476,0,2000,0,0,0,0,0,0,0,0,0,0,0,0,0,1000,1000,0,0,0,2000,500,500,1000,3000,1000,3623,Travellers' Rest,0,0,0,0,22001
0,0,0,0,0,0,0,0,0,0,0,0,0,0,0,0,0,0,0,0,0,0,0,0,0,0,0,0,0,0,Turnip Green Creative Reuse,0,0,4000,0,4000
0,0,0,0,0,0,0,0,0,0,0,0,0,0,0,0,0,0,5000,10000,15000,13500,17500,6250,0,0,0,0,0,0,Uhuru Dance Company,0,0,0,0,67250
0,0,0,0,0,0,0,0,0,0,0,0,0,0,0,0,0,0,0,0,0,0,0,0,0,0,0,0,0,0,UnLocked,0,0,4000,0,4000
1326,1000,0,0,0,0,0,0,0,0,0,0,0,0,0,0,0,0,0,0,0,0,0,0,0,0,0,0,0,1412,Untitled,0,0,0,0,3738
0,0,0,0,0,0,0,0,0,0,0,0,0,0,0,0,0,0,0,0,0,0,0,0,0,0,0,0,0,0,Unveiling the Voice Within,3500,0,0,0,3500
0,0,0,0,0,0,0,0,0,0,0,0,0,0,0,0,0,0,1000,1000,1850,1660,1552,6250,0,0,0,5000,2500,2600,"Vanderbilt University, Kennedy Center",0,0,0,0,23412
0,0,0,0,0,0,0,0,0,0,0,0,5000,4000,0,1300,3750,0,0,0,2500,0,0,0,0,0,0,0,2000,0,"Vanderbilt University, Sarratt Student Center",0,0,0,0,18550
27248,13687,0,14400,3400,0,0,0,0,0,0,0,0,0,0,0,0,0,0,0,0,0,4180,25400,21745,17500,23940,18500,25000,35822,Village Cultural Arts Center,0,0,0,0,230822
0,0,0,0,0,0,0,0,0,0,0,0,0,0,0,0,0,0,0,0,0,0,0,0,0,0,0,0,0,0,Village Records,0,0,0,4000,4000
0,0,0,0,0,0,0,0,0,0,0,0,0,0,0,0,0,10500,14000,14500,3000,0,3000,4000,3300,6190,4500,0,0,0,Visual Arts Alliance of Nashville (VAAN),0,0,0,0,62990
0,0,0,0,0,0,0,0,0,0,0,0,0,0,0,0,0,0,0,0,0,0,0,0,0,0,0,0,0,0,Voices on the Edge: Keeping and Including all of Edgehill,0,0,4000,0,4000
0,0,0,0,0,0,0,0,0,0,0,0,0,0,0,0,0,0,0,0,0,0,0,0,0,0,0,0,0,0,Voices Unwavering,4000,0,0,0,4000
0,0,0,0,0,0,0,0,0,0,0,0,3250,0,0,0,0,0,0,0,0,0,0,0,0,0,0,0,0,0,Volunteers/Imprv. 20th Dist.,0,0,0,0,3250
5216,1511,0,0,0,0,0,0,0,0,0,0,0,0,0,0,0,0,0,0,0,0,0,0,0,0,0,0,0,0,VSA Arts Tennessee,0,0,0,0,6727
47048,52106,47820,50000,45500,65000,60000,51000,67150,63000,71145,87700,10000,8000,10000,10000,10000,15500,23500,16000,22875,25265,31000,32000,28545,38000,39639,34500,40000,50700,W.O. Smith Nashville Community Music School,0,0,0,0,1152993
0,0,0,0,0,0,0,0,0,0,0,0,0,0,0,0,0,0,0,0,0,0,0,0,0,0,0,0,0,0,Wade,0,0,0,8000,8000
0,0,0,0,0,0,0,0,0,0,0,0,0,0,0,0,0,0,0,0,0,0,0,0,0,0,0,0,0,0,Walking Within Your Creative Right,0,0,0,4000,4000
96699,82715,71522,113600,104000,159000,152640,121500,117700,121357,134555,0,3625,0,1000,0,1700,16500,17500,20000,28000,94190,111000,94100,81000,91000,142800,118998,42836,100870,"Watkins College of Art, Design & Film (formerly Watkins Institute)",0,0,0,0,2240407
0,0,0,0,0,0,0,0,0,0,0,0,0,0,0,0,0,0,0,0,0,0,0,0,0,0,0,0,0,0,West End Middle School PTSO,2500,0,0,0,2500
0,0,0,0,0,0,0,0,0,0,0,0,0,0,0,0,0,0,0,0,0,0,0,0,0,0,0,0,0,0,Who am I: Exploring the Self through Painting and Writing,0,0,0,4000,4000
0,0,0,0,0,0,0,0,0,0,0,0,0,0,0,0,0,0,0,0,0,0,0,3593,0,0,0,0,0,0,Women/Music/Entertainment,0,0,0,0,3593
0,0,0,0,0,0,0,0,0,0,0,0,0,0,0,0,0,0,0,0,0,0,0,0,0,0,0,0,0,0,Women's Veterans Expressive Arts Workshop and Symposium,0,0,4000,0,4000
0,0,0,0,0,0,0,0,0,0,0,0,0,0,0,2400,0,0,0,0,0,0,0,0,0,0,0,0,0,0,Woodbine Community Organization,0,0,0,0,2400
0,0,0,0,0,0,0,0,0,0,0,0,0,0,0,0,0,0,0,0,0,0,0,0,0,0,0,0,0,0,Word Box Project,0,4000,0,0,4000
0,0,0,0,0,0,0,0,0,0,0,0,0,0,0,0,0,0,0,0,0,0,0,0,0,0,0,0,0,0,Wordsmith,0,0,4000,0,4000
0,0,0,0,0,0,0,0,0,0,0,0,0,0,0,0,0,0,0,0,0,0,0,0,0,0,0,0,0,0,Working it Out,0,0,0,4000,4000
0,0,0,0,0,0,0,0,0,0,0,0,0,0,0,0,0,0,0,0,0,0,0,0,0,0,0,0,0,0,Writing as Resistance,0,4000,0,0,4000
0,0,0,1300,10800,0,0,0,0,0,0,0,0,0,0,0,0,0,0,0,0,0,0,0,0,0,0,0,0,0,Writers Stage,0,0,0,0,12100
0,0,0,0,0,0,0,0,0,0,0,0,0,0,0,0,0,0,0,0,0,0,0,0,0,0,0,0,0,0,Young People's Freedom Choir,0,0,0,3640,3640
0,0,0,0,0,0,0,0,0,12500,15530,16600,0,0,0,0,0,0,0,0,0,0,0,0,0,0,0,0,0,0,Youth Empowerment through the Arts & Humanities (YEAH!),0,0,0,0,44630
0,0,0,0,0,0,0,0,0,0,0,0,0,0,0,0,0,0,0,0,0,0,0,0,0,0,0,0,0,0,Youth Voices Breakout,0,0,4000,0,4000
0,0,0,3000,0,0,0,0,0,0,0,0,0,0,0,0,0,0,0,0,0,0,0,0,0,0,0,0,0,0,"YMCA of Middle Tennessee, artEmbrace",0,0,0,0,3000
0,0,0,0,0,3800,0,0,0,0,0,0,0,0,0,0,0,0,0,0,0,0,0,0,0,0,0,0,0,0,Youth Life Foundation,0,0,0,0,3800
0,0,0,0,0,4500,4250,4500,4005,0,0,0,0,0,0,0,0,0,0,0,0,0,0,0,0,0,0,0,0,0,YWCA,0,0,0,0,17255
0,0,0,0,0,0,0,0,0,0,0,0,0,0,0,0,0,0,0,0,0,0,0,0,0,0,0,0,0,0,Zen Quilting Guild,4000,0,0,0,4000
